prediction,label
1.7334999963641167,1.559
5.1289999820292,0.948
16.02590024471283,15.59
90.22072532176972,118.014
22.75557487010956,22.731
4.768812465667724,5.094
38.226312327384946,38.752
1.0995500177145003,1.074
9.240437610447406,3.872
0.9715749964118003,0.881
38.470136880874634,47.219
33.04009993076325,26.452
26.526962447166444,25.827
56.912412881851196,54.608
128.1396507024765,129.816
7.255675013363361,6.866
138.5918740272522,145.828
5.3655123770236965,1.605
2.1640499487519262,1.385
50.93003752231598,49.948
24.00902452468872,24.042
59.480374813079834,49.391
291.8891275882721,1066.236
125.21115036010742,109.861
21.683912301063536,19.129
1.4592999964952469,0.775
635.9070524215698,655.817
104.47752594947815,96.468
341.9418890953064,247.643
475.51767921447754,385.092
6.215937453508377,6.629
34.36078727245331,32.256
64.23864967823029,72.259
274.4878613471985,223.564
74.09232439994813,48.294
188.050026512146,94.645
1.8638874568045138,0.707
0.9621375061571598,0.932
30.18977499306202,27.365
1.219487502425909,1.342
55.30884985923767,48.256
270.17633018493655,280.405
236.02647485733033,263.582
31.32501264810562,30.077
1.607262495905161,1.559
24.71378763914108,21.257
35.36659984588623,29.484
26.602062463760376,26.283
2.302324954420328,2.192
6.085487380623817,4.698
545.2750348091125,420.257
10.54566245675087,16.728
119.70423686057329,31.317
26.36802496910095,31.759
25.48891227245331,24.125
3.383562445640564,3.619
55.850012397766115,55.829
1.4471749983727933,1.47
5.554024963080883,1.802
3.39551243185997,0.656
65.49828724861145,62.278
37.10333766937256,34.191
22.412474822998046,22.32
32.23106260299683,25.928
23.894399809837342,24.899
1.574912492185831,1.653
30.888187310099603,26.897
30.096862390637398,26.851
179.2241527080536,67.845
7.359212365746498,8.256
3.394137454032898,3.455
29.056637251377104,30.844
4.843599976599217,4.894
1.2436750158667564,1.178
3.321687465161085,1.125
6.874612510204315,29.359
1.1094000056385993,0.76
147.8457242012024,150.607
38.4362873852253,45.139
9.38093729019165,9.355
46.92124984264374,103.026
1.1822249941527843,1.194
178.68353614807128,44.132
30.264524817466736,32.476
22.97442548274994,23.101
262.99613704681394,171.931
56.64773771762848,40.334
24.507849717140196,23.837
22.638012290000916,22.498
130.841162276268,95.554
212.17865993976594,92.845
0.9146124973893166,0.707
1.2094125039875507,1.252
1.372812482714653,1.427
30.59938726723194,29.18
48.87700014412403,22.841
102.0742874622345,97.388
1.1163124918937684,0.666
1.118137500435114,0.783
44.583037078380585,27.013
0.7218249991536141,0.812
10.668624964356422,23.042
207.56075210571288,178.514
23.68331253528595,29.606
31.56180009841919,32.398
33.47022454738617,32.767
1.4371875114738941,1.559
231.37845196723939,301.341
62.118099975585935,48.104
1.697875003516674,1.559
338.1746835708618,194.892
0.9565374843776226,0.658
23.001950335502624,22.697
376.43457832336424,365.094
48.551200008392335,110.861
48.934899759292605,7.156
5.45746237039566,5.299
36.20544974803924,33.114
59.66222524642944,60.943
6.331274983286858,5.747
212.09005150794982,343.56
97.52298793792724,88.444
1.5872750140726566,1.524
1.0008125089108943,0.922
10.920325005054474,10.989
33.8610122680664,29.281
1.5136249952018261,1.385
3.452074925601482,0.654
29.703637433052062,224.409
28.068487644195557,28.501
35.23855004310608,24.334
405.923441696167,441.919
132.21313571929932,136.542
24.48806223869324,24.41
170.193013048172,183.883
54.930687284469606,65.016
9.479937383532524,9.933
245.93837790489198,135.407
1.948274989426136,1.719
81.95087556838989,55.829
0.7124874986708164,0.707
1.2995125025510788,1.159
32.483799937367436,33.289
0.7120499946177006,0.711
4.899774968624115,5.195
29.158937269449233,27.128
0.8513375036418438,0.76
1.2609124898910522,1.514
2.4455750033259394,2.572
1.2275250047445296,1.468
7.30125003606081,7.864
135.99763603210448,141.14
27.161187210679053,13.824
26.624449920654296,31.274
16.585337817668915,16.728
6.225074988603592,6.054
32.65482513904571,28.78
0.6978999979794025,0.7
10.091824907064439,13.44
7.396462337672711,3.536
29.292812514305115,28.109
0.7451750077307224,0.745
31.751387763023377,61.608
107.16637544631958,106.898
0.7344250030815601,0.719
163.48218722343444,70.672
8.433112451434136,7.48
1.728462491929531,1.752
8.265049946308135,8.256
9.180437606573104,9.788
574.761526966095,247.325
5.316287493705749,5.615
42.59826245307922,42.665
1.1637250259518623,1.159
83.7667001247406,70.027
22.93636260032654,22.454
271.29470148086546,661.331
0.7594999998807908,0.727
32.55274977684021,34.746
34.633299994468686,45.895
27.83154993057251,6.546
168.48488693237306,161.692
261.22160186767576,220.99
1.428874996304512,1.344
27.4577374458313,26.452
43.590749740600586,32.939
296.160964012146,84.185
35.5588623046875,28.487
203.40836091041564,94.362
180.58517436981202,122.226
26.69756236076355,27.831
33.85424983501434,31.46
0.8909375041723251,0.875
6.216837364435196,5.509
0.9040125042200089,0.76
1.6952999971807003,1.802
27.546674919128417,26.897
9.550237447023392,9.355
25.38340005874634,24.185
28.446912455558778,29.042
59.54850034713745,59.631
1.9091499954462052,2.192
1.8432374864816665,1.194
1.1698250114917754,1.23
1.305737517029047,1.125
10.607099902629852,10.8
1.9846874736249447,1.344
25.566937589645384,25.63
3.6219999477267266,13.787
5.113599916547537,2.638
107.00840058326722,47.333
127.66043615341187,128.714
34.90544970035553,37.226
1.7661749683320522,0.676
14.848237490653991,15.59
183.66142582893372,148.206
111.54955072402954,120.108
67.96140038967133,125.445
4.509074884653091,4.411
1.2224250137805939,1.093
80.09883756637574,78.461
58.091437578201294,50.149
28.07306251525879,26.103
37.096687173843385,38.356
192.73610157966613,278.697
131.2702630519867,60.62
16.253137561678887,21.257
5.269099932909012,4.894
18.570050013065337,30.4
207.9456001996994,69.756
0.8527499958872795,1.011
3.086812476813793,0.654
34.590375137329104,22.307
25.170649766921997,23.894
255.66726484298707,179.848
30.265750217437745,31.46
5.163512408733368,5.509
49.230025219917295,86.724
23.092599737644196,20.391
27.372762274742126,23.249
27.297787189483643,24.112
23.968162250518798,24.042
320.1691436290741,86.724
198.31497540473939,180.613
0.8413499929010868,0.776
34.81192495822906,26.562
25.22614984512329,28.239
28.4057998418808,160.438
289.74570055007933,137.683
1.7100375197827815,1.532
8.382099962234497,5.832
180.28062505722045,285.562
25.45486238002777,23.585
38.60521242618561,24.725
1.2071500152349472,1.159
134.34271154403686,126.529
6.570262540876866,7.607
22.65658757686615,22.575
13.441499853134156,14.317
2.2458124794065952,2.015
26.981087613105775,35.4
6.1916375160217285,5.615
41.979250288009645,34.935
152.45711250305175,141.14
132.73623762130737,161.692
26.585112237930296,27.128
146.03435134887695,145.828
74.05217471122742,91.954
191.40974988937378,160.631
47.12925019264221,41.716
0.7600874997675419,0.671
40.21597529649735,25.346
114.14637603759766,82.522
0.6999624997377396,0.666
32.944700050354,35.124
496.5240367889404,658.948
3.949812424182892,4.894
2.361249952018261,2.441
32.96729991436005,34.935
93.81425004005432,87.581
26.44704966545105,22.327
52.829087829589845,46.592
261.24858675003054,271.922
31.537287425994872,34.373
184.2483624458313,175.864
28.156637525558473,107.88
14.490574951469899,9.073
185.43557319641113,403.043
15.528912603855133,14.495
5.888624994456768,6.395
0.7977374963462353,2.018
69.26478753089904,373.742
2.39862499833107,3.218
16.404325127601624,19.966
23.634449672698974,23.526
108.12331264019012,168.049
1.0924250103533268,1.136
26.051224875450135,23.772
10.623349976539611,7.992
30.701049852371217,31.923
107.41876344680786,114.914
35.20597434043884,35.508
234.2139503955841,54.644
4.127949982881546,4.698
41.95314970016479,42.904
2.957712487876415,0.808
195.251713180542,142.303
396.3422243118286,620.195
3.598812509328127,3.787
0.8059499956667423,0.703
14.992925035953522,10.228
3.2724624879658224,6.51
0.6906499966979027,0.654
34.12736241817474,31.759
1.842199970036745,0.776
1.0558375097811221,1.033
77.770800614357,47.957
1.104800009727478,1.159
81.63086261749268,40.789
1.0760375313460826,1.159
211.13776292800904,199.114
176.6277138233185,164.218
52.972725009918214,50.51
40.18455011844635,23.837
1.8631000086665153,1.928
46.58366317749024,22.14
30.13239994049072,22.408
3.3701499953866003,2.368
3.9465999856591223,2.505
1.140537503361702,1.305
23.67067472934723,23.772
169.78014974594117,179.848
28.75305042266846,25.26
122.16867570877075,116.975
484.87753958702086,100.713
8.438449975848197,5.832
1.0706000000238418,0.658
4.110524930804968,3.142
24.344400191307066,23.585
1.5609625078737737,0.868
24.954574823379517,22.305
1.0683125108480453,1.125
1.4139625184237956,1.48
6.253887493163347,6.167
7.54742502272129,5.832
269.5161251068115,260.285
1.4060500025749207,1.289
254.51478939056398,257.011
43.56697556972504,35.508
3.763575005531311,3.441
37.4707371711731,35.508
54.09171304702759,57.074
405.2211268424988,207.712
29.426812374591826,23.526
177.77271308898926,99.244
32.55357468128204,23.526
2.368362482637167,0.666
12.817212343215942,13.098
51.477850270271304,48.294
153.31789932250976,139.982
1.001387496292591,0.948
3.708412502706051,3.958
4.843087451159954,3.218
364.73177843093873,306.703
32.71022484302521,22.307
29.19667489528656,53.076
31.31917541027069,34.373
9.861499923467637,7.992
35.755086874961854,40.334
76.03538732528686,81.698
1.0365375198423863,1.093
31.997200775146485,33.645
259.68509817123413,236.283
25.573062419891357,26.837
0.7326499998569489,0.658
7.3250999569892885,7.231
1.1060625165700912,1.049
262.88941411972047,543.38
157.0191619873047,95.554
32.31679961681366,34.373
28.326962542533874,26.837
59.144162774086,28.721
13.98602485358715,5.195
6.302787293493748,30.15
113.99535121917725,62.278
4.138824932277203,3.619
147.1204122543335,160.336
114.6510006427765,106.898
47.72064998149872,39.441
29.473149943351746,26.452
0.7266999959945679,0.678
33.1537627696991,23.728
1.465137504041195,1.517
29.87932496070862,29.75
74.14780030250549,73.014
0.8328250020742416,1.002
73.98268775939941,106.898
1.2203499913215636,1.23
268.74920811653135,164.491
22.75866267681122,22.766
60.939612698554996,95.554
43.77517499923706,41.625
134.57406301498412,91.068
14.011949962377548,11.143
5.388524963706732,4.047
2.648349991440773,1.963
2.780962494015694,3.455
9.39577487707138,9.763
106.86271162033081,101.124
234.04675216674804,897.793
100.28621270656586,431.083
22.75183734893799,55.829
10.723537337779998,10.529
45.51244959831238,40.334
2.1657499775290487,1.257
15.617075097560882,15.59
98.03381295204163,91.954
25.049262642860413,22.383
1.088587499409914,2.446
160.15947666168213,154.251
4.4967875450849535,4.511
22.665712308883666,22.548
0.7081624954938889,0.661
5.100499974191189,7.381
148.61371183395386,109.861
147.1970380783081,35.781
0.9894750148057938,0.922
3.557474996894598,4.698
22.479862260818482,22.369
0.8628000013530255,0.875
29.201012229919435,24.41
98.00317511558532,82.045
6.48007487654686,0.666
254.1421745300293,253.76
22.54509973526001,21.257
9.810837379097938,11.143
139.32797555923463,161.692
1.304462480545044,1.23
30.904424929618834,32.256
45.283550357818605,29.75
39.38791263103485,38.356
253.18974800109862,43.638
69.25433781147004,233.179
91.94468760490417,83.351
1.7935249902307988,0.654
106.2332498550415,125.445
313.9700271129608,187.846
9.297599668800832,0.707
25.257637751102447,20.222
1.1934125021100044,1.159
15.27173708975315,1.29
2.925349971652031,2.848
1.4536875046789646,1.502
1.1200000062584876,1.079
32.90231261253357,36.46
161.99884984493255,595.942
23.895312309265137,24.048
1.6569750003516674,1.427
1.7841749973595142,2.075
62.7423378944397,76.093
0.9961249954998493,0.922
68.02979974746704,68.567
22.0534373909235,22.14
23.489262175559997,23.302
267.7947011947632,282.118
9.291324996948243,9.215
0.9217999950051308,1.29
0.7006375052034854,0.679
136.79044971466064,170.631
141.6888391494751,91.068
1.4465250059962274,1.344
5.488600012660027,4.794
26.764049816131593,23.837
31.85476224422455,31.049
0.7584374941885471,0.776
25.26642484664917,23.467
12.102987658977508,12.09
274.30641746520996,292.3
32.2453375339508,31.923
209.133624792099,237.126
124.13512420654297,119.058
17.275824999809267,17.51
24.146649718284607,96.468
169.66584739685058,170.631
3.450987507402897,1.752
104.4298496723175,199.114
38.55889976024628,36.898
0.7398125030100345,0.666
38.11052510291338,29.18
79.35691232681275,91.954
0.7268874898552895,0.793
56.818901324272154,38.785
1.2738999985158443,2.252
431.96980037689207,236.283
0.7331124916672707,12.1
45.08264930248261,22.881
135.122549533844,112.876
101.40471305847169,98.313
1.0138999953866006,1.47
23.49034993648529,69.294
1.1195500068366528,2.018
33.144836854934695,32.425
34.31002497673035,33.425
28.01764976978302,37.622
0.8038250043988228,0.731
32.97628767490387,29.877
75.95655055046082,48.839
34.47164947986603,32.767
11.612412539124488,8.824
14.375049443542958,0.696
24.846212577819824,24.334
30.850049948692323,23.646
203.55932536125184,187.969
24.000262331962585,20.391
194.95564956665038,317.579
37.199962854385376,38.21
3.860212453454733,3.218
7.353874792158604,0.718
0.7914249986410141,0.681
0.9717625007033348,0.76
12.926837313175202,12.761
0.7081374995410442,0.707
118.5403504371643,92.845
4.407162541151047,4.227
38.816212844848636,24.648
36.8096118927002,37.622
14.167887341976165,14.139
0.8868374966084958,1.002
252.7118992805481,193.213
240.1369640827179,608.493
33.7402001619339,33.289
32.84837515354157,35.124
2.152999983727932,3.96
52.73153693675995,231.636
26.864875197410583,26.452
82.79734945297241,82.522
30.86094982624054,31.435
27.744199991226196,27.731
61.15581247806549,87.264
15.283912527561188,14.803
19.150937056541444,18.31
163.50417563915252,36.898
28.138849878311156,24.051
6.196224921941758,6.167
35.15788722038269,34.191
18.508137512207032,15.59
44.98529999256134,43.146
30.8962622910738,33.645
175.68901348114014,162.952
0.7106750003993512,0.672
4.073849891126156,0.898
2.0229624889791014,1.632
24.097874665260314,25.379
9.856199830770493,10.834
27.05898745059967,33.114
32.341874837875366,22.305
4.152174991369248,3.702
26.590762495994568,28.368
24.180449894070627,29.359
157.66797590255737,179.848
96.34652514457703,64.323
2.383075013756752,2.252
181.72777690887452,155.477
62.24662518501282,36.494
27.907962322235107,38.785
86.4385499715805,45.65
24.902324962615968,22.697
30.03697461485863,24.112
94.81109904646874,15.221
36.55600016117096,38.802
2.314924966543913,2.314
3.5431124910712244,2.848
7.7594625651836395,9.499
112.63015031814575,135.407
0.7517500013113022,0.713
128.8768726348877,132.035
2.2314249597489835,2.192
23.860412263870238,24.334
2.649862439930439,1.653
8.005362485349178,5.615
27.5790123462677,136.89
3.1875874534249307,3.297
95.20944986343383,88.444
13.380700010061265,11.143
5.536325019598007,5.544
31.90704963207245,24.899
202.49985074996948,165.489
12.138912481069564,33.085
134.08929991722107,78.461
0.7777499906718731,0.745
1.2220625132322311,1.405
203.3598262786865,457.326
103.93575057983398,62.278
265.59499015808103,253.76
4.4047374345362185,4.894
0.7247000053524971,0.731
1.8021624885499476,0.654
2.443387532234192,2.252
7.869774813205003,1.002
267.5422769546509,306.703
1.930224996805191,0.743
0.7632874965667724,0.67
0.8440374970436096,1.514
10.26652505993843,6.054
1.1777624845504762,0.687
22.771737384796143,22.603
37.8259122133255,33.114
10.768862557411193,10.682
79.51837496757507,80.068
141.91674966812133,204.823
18.041974917054176,9.641
24.525937175750734,23.972
20.84412494301796,23.189
211.5479510307312,172.772
1.873074996471405,2.075
26.837187504768373,27.12
209.8862380027771,245.729
46.33011293411255,45.139
37.08803749084473,30.958
203.21464977264404,156.709
96.45815048217773,92.845
94.51224918365479,42.665
299.30289936065674,175.864
34.868249130249026,33.826
0.7827624976634979,0.731
40.28348784446716,22.922
31.295362281799317,24.258
1.6626499958336354,1.752
1.2319499917328358,0.922
114.5977490901947,71.509
22.71323766708374,22.476
280.4057311058044,319.412
127.31858644485473,128.714
1.160150021314621,0.975
92.92393779754639,106.58
1.9171499751508236,2.192
4.240399965643883,1.061
1.1221500001847744,0.746
295.8113024234772,313.899
56.63689999580383,57.705
91.07537491321564,50.51
5.1056374460458755,5.832
37.757862496376035,23.572
655.9300714492798,269.419
147.1523517370224,77.666
7.046362435817718,6.986
2.7527624808251856,2.776
1.1529999926686287,1.125
23.78939986228943,22.522
10.658849895000458,10.529
1.1236375130712986,1.032
72.9075132369995,70.765
143.65632557868958,58.817
21.36761234998703,19.545
142.78427419662475,53.132
2.8581249937415123,1.427
57.48272495269775,40.357
25.297125029563905,22.964
149.4416140317917,127.619
24.650837302207947,26.134
28.296474789083003,24.41
30.56013720035553,24.899
50.65092570781708,31.595
1.9430874779820442,3.289
26.337325191497804,26.346
9.173274946212768,4.992
213.26895127296447,114.914
0.7580000020563602,0.731
4.596637472510338,5.216
3.12742498293519,1.267
32.99588737487793,7.48
9.383262288570403,9.641
101.48610000610351,190.721
1.0822874829173088,1.125
30.213924860954286,25.439
30.784725028276444,17.907
179.75936317443848,153.031
120.88424987792969,71.509
5.723724952340126,4.251
0.8603749953210353,2.133
65.80763826370239,62.278
132.61533677577972,575.458
286.66530055999755,265.238
220.3750497817993,253.76
2.3145499788224697,1.605
107.69940009117127,105.921
28.175812458992006,28.109
0.9831124864518642,0.655
14.918075025081635,14.495
3.721887520700693,3.455
24.112949872016905,25.543
4.384724888205528,4.319
691.3644493103027,971.757
1.1757249906659126,1.194
0.7955499939620495,0.776
4.038612532615661,5.615
51.227374696731566,47.219
1.2384999871253968,1.23
3.1817874014377594,0.875
53.90521287918091,52.232
132.0993121623993,473.011
1.4466249912977218,1.514
0.7714500039815902,0.922
4.014824992418289,4.137
7.17524995803833,7.052
0.7653124980628491,0.659
3.3063374549150466,3.297
8.157225000858308,7.734
13.630637434124946,124.366
162.1704622745514,132.035
2.2117374517023562,2.314
30.294499921798707,22.841
239.5228017807007,247.325
1.2958625122904777,1.91
1.3005624771118165,0.735
289.8645128250122,120.455
7.182362461090088,7.231
32.47966232895851,28.769
1.2144374988973141,1.305
27.36176233291626,22.965
26.096299982070924,22.548
33.13427517414093,32.543
403.415061378479,438.183
28.977349948883056,28.904
0.8214749954640865,0.728
0.8366499923169612,0.714
258.9377370834351,260.285
5.102199923992157,14.855
166.47633810043334,128.714
30.889587426185606,26.672
1.4334750071167945,1.653
400.99092893600465,336.16
31.148387241363526,33.085
39.43608751296997,34.935
5.472049862146378,5.299
32.100150084495546,35.508
1.4007624797523022,0.979
0.794287507981062,0.749
5.335524986684322,4.411
18.832012528181075,23.901
251.54034128189087,276.995
5.300449910759926,5.509
34.807324862480165,35.316
39.65324971675873,23.355
135.97168674468995,112.876
0.7612624980509282,0.906
2.008662491291761,0.687
4.7394874304533,5.094
3.4518874660134315,3.703
27.350362253189086,23.904
22.595062351226808,22.314
2.6767875462770463,2.762
2.7549499437212943,4.411
1.054637510329485,1.305
0.7429625004529953,0.832
0.826450003683567,0.687
187.29122343063355,189.342
1.4710374996066093,0.975
28.8250753313303,24.73
0.665812499076128,0.672
32.758112502098086,33.645
1.8426874950528145,1.811
1.966250006109476,0.776
32.587699723243716,32.089
21.39483669102192,3.066
0.7580000013113022,0.731
9.202737581729888,9.788
99.68798809051513,110.087
82.45633611679077,83.351
1.7479625180363656,1.762
26.88611216545105,24.852
1.5837374977767467,0.696
37.71568694114685,37.039
24.766462421417238,24.567
2.379937469214201,1.194
44.31954970359802,37.308
0.7134500041604042,0.696
45.767737326025966,25.253
28.41681261062622,27.607
6.11208742260933,3.455
78.91082558631896,43.611
54.570012497901914,47.754
395.29725246429444,399.428
133.11201086044312,136.542
3.929049924761057,4.698
6.282849985361099,6.167
19.20967494249344,12.1
30.642099809646606,28.633
0.9701250083744526,0.875
8.740799951553345,8.796
29.343437457084654,466.255
1.078762513399124,1.032
23.704937601089476,27.731
1.0804875142872334,1.021
16.843162608146667,12.428
5.397924870252609,3.96
34.9207998752594,30.943
32.62696256637573,29.042
108.41271266937255,126.529
247.4681751728058,341.845
34.85316205024719,55.216
32.457362627983095,27.982
1.329612486064434,0.975
360.68078899383545,653.14
7.34563744366169,6.986
6.448287528753281,6.51
1.2591624960303307,1.23
51.624175453186034,29.042
11.098987100273371,2.919
1.9372500315308572,1.963
0.7545249953866004,0.745
1.0365999959409238,0.832
406.5889883041382,371.034
0.9421999886631965,0.689
1.7860124759376048,1.251
0.9684250012040139,25.379
443.6441720962524,183.132
221.71050243377687,103.985
26.172799730300902,30.193
1.2347500070929527,1.385
40.6275630235672,42.665
5.851637488603592,5.724
3.652474920451641,0.718
128.9480371952057,137.683
85.197625207901,93.742
174.39379997253417,143.473
5.037912391126156,7.926
36.23098711967468,30.869
691.0823101043701,339.944
357.6952907562256,255.383
36.61525013446808,43.77
7.587100094556808,2.252
173.9966091156006,87.581
1.5037374801933765,1.514
1.2998249918222426,1.427
25.482224941253662,26.03
0.890724989771843,0.853
35.80746214389801,36.096
1.7089624650776387,0.665
24.328237223625184,24.112
14.352499797195197,6.986
0.7069749988615512,0.656
37.38567488193512,36.096
1.7456125169992447,0.658
19.368337500095368,26.346
1.0313874945044517,0.973
31.86742491722107,29.877
29.236287307739257,49.391
9.061574923992158,34.006
116.37093806266785,170.631
72.73046169281005,62.954
29.68376202583313,29.606
0.7284250043332576,0.794
186.1893874168396,173.236
25.202737379074097,25.439
12.46341243982315,11.301
1.2170999877154827,1.061
75.00246319770812,143.473
0.6765625081956387,0.654
1.9992375090718268,2.018
245.5999619960785,207.437
1.0736624889075757,1.125
0.9963500022888183,0.812
28.956474709510804,28.368
210.82170042991638,291.571
48.4281126499176,41.25
3.0208874799311163,3.297
1.859137485176325,1.802
30.53351285457611,28.351
6.128574967384338,5.195
9.828737652301788,9.215
2.545649964362383,1.514
3.065849994122982,1.423
2.446649990975857,2.277
6.540737445652485,8.524
28.786412358283997,22.476
3.4077749595046045,2.707
267.3286917209625,270.243
6.238162434101104,6.866
26.13227484226227,24.903
248.20111310482025,82.597
1.5695750027894975,1.559
51.38076319694519,41.931
2.791062495857477,3.702
18.256199765205384,18.31
3.042899988591671,3.455
12.983062195777894,13.098
16.561837977170946,4.992
105.62419991493225,90.188
1.737162509560585,1.752
2.9751125037670136,3.142
163.8219015598297,90.46
29.680499577522276,23.198
26.29599995613098,23.837
29.916474604606627,31.923
1.4930249854922295,6.054
58.087349915504454,181.412
12.763624918460845,13.098
2.854487496614456,3.668
24.491037487983704,22.841
0.8503750048577785,0.794
50.51180012226105,28.501
30.5119877576828,35.124
72.95091247558594,57.227
117.90848712921142,204.823
7.69361258149147,9.215
22.316674733161925,22.31
62.280500531196594,54.608
27.086937403678895,29.462
103.33289942741393,159.189
0.9521624989807606,1.061
35.285824871063234,30.647
22.329312252998353,22.327
1.3364000201225281,1.386
1.4380374915897847,1.725
14.206299871206284,11.143
28.635499596595764,23.548
169.81699934005738,218.0
16.403137624263763,20.822
130.50867536067963,193.659
0.7238625004887581,0.672
28.54355025291443,22.14
25.362049984931947,25.63
22.401199984550477,22.32
1.8001375019550323,1.855
45.96769969463348,43.149
1.8817250072956084,1.943
23.733674931526185,22.664
1.2678875021636486,1.093
188.32602605819702,150.607
168.59163637161254,153.031
31.81700019836426,31.923
106.45319967269897,105.921
1.0346499882638454,0.832
109.55216183662415,275.298
0.932524998486042,0.875
8.56252488195896,6.986
25.38916234970093,25.379
194.06057605743408,199.114
28.16289973258972,22.32
0.9223375014960766,1.032
45.83488727211952,30.114
4.98877500295639,14.855
11.339937394857406,10.834
58.926774740219116,31.116
1.553312497586012,1.752
34.05490016937256,32.767
96.7183385848999,93.742
23.579712176322936,23.526
124.96526279449463,206.265
50.871162390708925,60.612
38.05564932823181,38.144
1.0213124871253967,1.061
0.7760749988257885,0.656
25.657724833488466,22.603
7.247262547910213,3.468
109.3748136997223,85.026
36.34958758354187,22.322
25.002874870598315,23.042
1.0366499982774258,0.832
15.628612393140793,15.965
110.79095110893249,40.789
24.165062522888185,25.073
152.85551233291625,143.473
47.79358820915222,37.514
1.044112505018711,1.093
392.02092304229734,519.357
1.3354625053703786,1.385
232.16753921508788,194.892
100.83272438049316,89.313
28.08184953033924,19.419
42.190212559700015,36.494
35.31968734264374,34.191
26.690399885177612,22.416
27.362925267219545,26.837
55.600462675094604,33.68
23.14513761997223,23.101
37.330587434768674,38.21
36.93764986991882,40.789
1.2724125064909457,1.002
23.46816222667694,22.31
272.9290899276733,271.922
27.053099751472473,35.043
4.661012503504753,4.411
28.289487314224242,28.109
21.278412364423275,20.391
1.6934499904513358,1.653
375.0821816444397,72.695
3.4400500029325487,4.674
24.530749893188478,22.335
53.63000020980835,45.65
0.6864875003695488,0.679
13.23448759317398,5.403
6.1020249329507354,0.812
1.0757624998688697,0.745
49.796887683868405,145.828
133.35395007133485,650.899
23.408274984359743,28.904
4.825924940407276,5.299
59.28109998703003,63.839
27.03386244773865,23.526
1.4335375092923641,1.548
93.58925123214722,92.845
28.2373245716095,23.015
0.8717625074088573,0.76
1.0508375033736228,0.853
60.827574896812436,44.643
248.06828746795654,219.492
171.2611388206482,175.864
24.16459972858429,22.335
2.041537471115589,2.296
1.1268875114619732,0.832
531.0961421966553,477.653
0.7236500009894371,0.69
1.7433375000953675,1.653
300.5081404685974,326.799
82.37338769435883,31.435
178.53390197753907,144.648
16.821775197982788,17.121
0.7202499948441983,0.689
104.93752562999725,112.876
0.8740624926984311,0.72
30.336274933815,39.885
35.00806233882904,22.675
1.071500014513731,1.045
145.25693731307985,147.014
3.284287486970425,3.787
2.1164249524474146,2.32
8.023225000500679,35.124
188.21421241760254,155.477
0.9827500112354756,1.908
1.8928124912083149,1.23
40.30807549953461,40.789
25.177399849891664,35.086
26.614362239837646,27.607
1.7709999904036522,1.267
22.405387306213377,22.345
3.655324991047382,4.319
0.9605124928057194,0.898
1.3146999910473824,1.072
62.28617496490479,22.441
226.63792610168457,306.703
3.2478749752044678,4.319
67.86133887767792,26.784
28.98781235218048,22.314
6.843750068545342,6.746
163.22171306610107,160.438
151.40661218166352,44.796
24.85055012702942,22.31
221.7029758453369,220.99
0.7441999949514866,0.7
34.177474999427794,38.802
3.968749947845936,4.506
3.736187446117401,3.536
4.4881374597549435,5.509
25.783637499809267,33.467
1.1242875039577485,1.078
0.9593124888837338,1.002
32.1561121225357,53.409
0.7470624998211861,0.769
263.8745626449585,177.186
0.7698125034570694,0.696
21.58455011844635,19.966
66.58197531700134,47.219
41.52237541675568,23.101
28.760662484169007,24.334
106.10352487564087,90.265
0.7037374921143055,0.693
3.272924980521202,3.579
6.276212468743324,4.411
23.197987365722657,23.277
8.40759968906641,0.794
166.95474038124084,159.189
31.220237520337104,22.664
31.995037746429443,30.677
149.48428683280946,53.409
1.683375009149313,1.032
24.289487364888192,28.501
46.48093729019165,88.444
1.4205124899744987,8.524
35.78856275081635,80.88
31.511374998092652,35.124
58.83813772201538,36.096
34.137474870681764,109.861
220.1369521141052,218.0
135.40917472839357,112.311
350.71779680252075,245.376
5.099362474679947,22.471
251.4379024028778,231.636
60.56213774681091,58.983
283.12448263168335,271.922
440.7559151649475,635.565
44.8000497341156,40.334
18.69102474451065,22.573
0.7018500052392482,0.658
32.8992997944355,32.767
1.5283875085413456,1.427
33.43184990882874,32.382
23.661675095558167,22.476
290.15682888031006,138.83
402.64275188446044,832.88
199.91353950500488,170.631
3.7101874604821203,4.698
1.7287500202655792,1.605
291.46798982620237,866.57
261.9730127334595,278.697
25.369237637519838,23.009
25.61230022907257,25.163
4.465112485736609,3.787
1.765275003015995,2.192
1.0119125157594682,1.159
138.43492460250854,123.526
336.2370154380798,203.388
60.31341195106506,57.705
268.4180027008057,182.532
1.8864500358700753,2.075
3.434524968266487,0.745
0.7523875087499619,0.794
1.4926750175654888,1.47
2.531000009924173,2.848
263.9947377204895,395.304
78.7598873615265,77.666
2.1887124598026277,2.848
5.974724970757961,5.943
182.92167587280272,275.298
34.802024602890015,30.043
37.390662860870364,38.21
94.69242513179779,71.509
140.34182348251343,142.303
27.16348721086979,27.832
53.65586247444153,58.341
5.494500015676022,8.256
1.0176875166594983,0.875
40.32407534122467,35.898
4.39174992442131,4.506
30.123062348365785,98.313
181.57916412353515,550.698
89.05842456817626,52.277
192.087912940979,193.496
141.1824495792389,114.914
1.9247000321745873,2.314
107.61309943199157,122.357
29.115249705314636,28.769
25.584849789738655,24.258
3.6888375096023083,1.427
111.2527376651764,74.542
15.378512513637542,15.221
34.49300012588501,33.636
2.1146749913692475,0.658
74.37146272659302,73.775
600.4490613937378,650.468
70.41055040359497,57.074
3.32751245200634,7.48
4.168049994111061,3.297
3.4207874566316603,3.619
4.665274968743324,4.894
12.974687656015158,1.194
2.1592750050127507,1.47
0.9013499975204468,0.922
2.2417249858379362,1.963
2.399912478029728,2.572
31.955587577819824,31.997
5.345512336492538,5.509
101.93244993686676,38.571
23.56622462272644,23.772
1.7393124960362911,1.159
30.409099769592284,33.289
1.441975001245737,1.194
1.413000002503395,1.385
26.71430003643036,23.673
383.01731452941897,381.047
232.91167478561403,282.118
22.75739984512329,22.664
47.79272496700287,35.704
7.432012373209,6.28
151.36727323532105,138.83
114.47703757286072,104.95
54.70206258296967,48.018
43.04712541103363,34.373
209.1562378883362,178.514
27.132587364315988,22.325
0.7153375022113323,0.693
10.649499934911727,10.334
0.7427499994635582,10.661
0.7142124965786933,0.661
25.38054991662502,25.073
10.30565004348755,10.379
252.96898708343505,145.828
0.8484749972820282,0.812
25.47167499065399,25.379
28.326674914360048,28.904
0.7142249912023544,0.696
22.477749752998353,47.46
1.0449124924838542,0.718
34.698924684524535,34.414
111.7265127658844,113.892
28.32461247444153,29.127
2.7828000083565714,2.505
11.822449980676174,18.717
146.60407600402831,310.306
304.8488527297974,190.721
6.160675066709518,6.102
244.8081358909607,244.142
1.3748249955475331,0.776
35.619725131988524,35.875
30.980449986457824,30.851
191.7371882200241,215.032
3.7603249877691267,2.018
40.59831264019012,26.909
1.8534999951720237,1.995
1.8861500009894372,1.908
282.4607639312744,345.659
5.167287513613701,3.382
681.8088245391846,863.479
246.1271903514862,255.383
29.659024786949157,28.109
14.01319991350174,11.143
304.0098150253296,323.094
36.580912235379216,31.629
31.814400100708006,31.939
582.9530660629273,533.703
43.875362515449524,45.139
194.77822742462158,201.957
11.363937652111053,15.59
40.59136245250702,25.63
116.80619964599609,113.892
236.55573768615722,220.99
67.80937480926514,61.608
4.79366250038147,4.992
2.179512498527765,2.192
8.587974882125854,9.355
2.255874988436699,2.441
27.78461265563965,29.359
116.91658811569214,113.892
25.100912237167357,25.073
1.1581124879419804,0.672
0.6996249966323376,0.691
97.78145055770874,88.444
39.95794968605041,44.132
18.905874836444855,11.143
13.388412368297576,13.098
271.672739982605,308.501
23.62027449607849,23.708
218.42040195465088,194.892
1.1297000020742416,1.03
107.1070252418518,69.294
88.16581180095673,22.317
239.2569381713867,240.981
1.021912518143654,1.032
248.09927654266357,363.125
55.95260000228882,62.278
0.7069750018417835,0.718
2.8921124823391438,0.853
1.2962250001728535,1.385
5.343462347984314,5.299
94.50372548103333,157.946
2.626449979841709,2.252
2.9691999681293963,3.297
2.465887486934662,2.919
320.1283149719238,177.186
75.54913666248322,31.997
137.74891176223755,132.035
1.4495250016450882,1.419
31.560900115966795,31.435
170.7659631729126,142.303
31.16461224555969,23.5
8.895337441563607,9.073
134.8961127281189,136.542
0.9757999837398529,0.656
1.1855374835431576,0.654
0.8172750093042851,0.832
1.4281500063836574,1.432
1.2071874789893626,0.67
4.995549909770489,5.509
1.3236500017344952,0.832
3.464599998295307,5.724
370.317901802063,300.09
24.41372468471527,24.488
66.69736251831054,41.716
4.9117625713348385,5.301
341.87301416397094,150.607
54.60948760509491,72.681
117.61121273040771,123.293
79.35385017395019,47.754
0.9077500000596046,1.159
128.45606293678284,183.883
6.045362593233586,4.992
1.3591749846935273,1.701
26.429174613952636,26.452
327.5666376113892,395.304
159.26990003585814,109.861
20.452687454223632,14.568
17.145437359809875,17.117
6.832400077581406,7.109
207.21710033416747,240.981
207.31783876419067,375.022
1.462675003707409,1.559
52.59943690299988,39.217
29.37493739128113,31.569
13.13223757147789,8.524
44.90818748474121,37.351
0.8821874916553497,0.948
3.481237481534481,0.718
4.720612439513206,5.299
1.8247874975204468,1.887
4.582362449169159,4.894
10.315250194072723,8.796
1.800087497383356,1.539
2.786537493765354,1.344
28.521624851226807,26.959
97.35647511482239,155.477
17.272512838244438,10.144
83.34445114135742,76.876
1.4115875110030174,1.159
28.04042503833771,23.101
51.09464945793152,32.767
463.559260559082,593.127
0.878062491863966,0.773
1.2443000108003617,1.47
84.72557463645936,49.391
1.0940749995410441,0.853
62.94648756980896,52.818
4.727674981951713,4.601
30.967412185668945,31.274
4.781149983406067,5.195
10.881499862670898,11.143
70.64907503128052,65.067
67.37112483978271,51.176
25.82771239280701,25.253
26.033512926101686,25.728
6.5126250922679905,6.28
0.9971250057220459,0.922
1.7835000067949296,1.605
25.06599975824356,26.346
72.06806387901307,70.765
41.21005005836487,38.201
138.93348722457887,118.014
260.8056149482727,138.83
32.295900124311444,22.664
35.452161812782286,37.038
107.50217411518096,19.439
0.7921999990940094,0.812
161.82612495422364,149.404
194.712713432312,75.315
53.94398729801178,49.948
9.552850181609392,5.195
0.7835375033318996,0.832
209.32970156669617,290.771
9.897912412881851,7.48
12.641525089740753,3.626
103.14401211738587,91.068
19.234174889326095,14.139
88.40955066680908,123.293
1.1560125030577182,26.837
33.743649899959564,33.085
48.36724998950958,50.467
155.168287563324,161.692
29.233487486839294,24.543
105.95436277389527,114.914
1.4794750094413758,1.23
218.76895227432252,252.143
82.59001247882843,48.294
23.869949674606325,18.993
1.9208250060677527,1.855
1.3160749793052673,1.23
25.298974776268004,22.881
272.41215114593507,275.298
141.29853515625,136.542
55.8072874546051,51.653
213.53993718624116,160.115
30.000837326049805,23.149
8.534374961256981,4.227
31.957037329673767,32.939
4.043537533283233,3.455
0.9426999963819981,1.267
31.682112789154054,24.814
1.5200749985873698,1.752
3.161487535387278,1.407
0.9267000064253808,1.032
1.0921375006437302,1.01
266.51548914909364,35.317
31.263825011253356,34.191
22.33173723220825,22.369
30.836437225341797,89.313
412.7767646789551,608.493
29.337437558174134,38.785
102.52351298332215,105.921
6.777487462759018,0.696
5.134387496113777,7.734
5.924937435984612,1.908
0.722987499833107,1.032
26.65398714542389,23.149
32.59048755168915,46.386
2.903937469422817,2.505
249.81463890075685,200.533
53.81926236152649,44.544
2.3613999873399734,3.536
70.56137442588806,165.489
56.492200422286984,25.228
246.67874479293823,93.742
2.655262478441,3.455
1.037625014781952,0.832
29.161425018310545,29.359
223.98523769378662,111.143
2.2797999545931815,2.018
3.0662749744951725,2.993
59.66167454719543,44.128
0.6634749993681908,0.687
77.33897502422333,37.308
2.4484374821186066,1.855
0.8416374921798706,4.601
2.6294499807059766,2.707
9.51376246213913,3.702
2.791062463819981,2.776
1.2734124973416328,0.863
1.2625499822199344,2.018
46.410337519645694,42.131
0.6684874974191188,0.656
4.888074991106987,4.047
263.8038635253906,776.303
110.26247472763062,108.868
1.0857375234365463,1.127
138.21587381362914,145.828
170.2356466293335,165.489
116.26373662948609,69.294
73.86551313400268,80.068
41.598000288009644,44.633
12.148475062847137,10.716
161.64897468090058,129.816
42.80791239738464,39.885
0.7602499924600125,0.656
6.504962462186813,6.51
4.576962426304817,4.506
445.87359886169435,347.581
3.690212470293045,4.894
63.03207584619522,29.049
3.803237494826317,3.872
0.7671250000596046,0.728
0.7698625043034554,0.661
40.34006230831146,43.276
466.324977684021,536.114
29.65739996433258,54.608
10.58347496688366,8.524
0.7574375025928021,0.723
387.50826559066775,222.494
41.79291260242462,26.474
111.01916399002076,70.765
0.7510374948382378,0.776
1.678424996882677,1.963
239.33516244888307,371.034
6.8599750190973285,2.133
4.336650003492832,3.702
136.72049908638002,107.88
27.18699994087219,22.416
1.4746624894440175,1.749
23.43229992389679,22.383
1.6683000057935715,1.802
2.9808999858796597,1.802
1.830324999988079,1.47
27.758562660217287,27.982
33.385262680053714,25.497
131.19041128158568,125.445
15.808699852228164,13.44
3.083724984526634,2.993
176.18216276168823,83.351
143.9441011428833,563.007
12.36331249475479,11.457
1.4047374986112118,1.617
1.6775874942541122,0.687
140.44552419185638,178.514
50.144637656211856,47.219
25.30708725452423,25.439
303.93957738876344,286.33
1.8133000150322913,1.963
27.775037431716918,28.116
0.7451624982059002,0.76
30.730224537849427,31.116
1.7189500078558921,1.559
10.206824922561646,10.834
1.0213750146329403,0.975
3.888350021839142,3.824
31.538424968719482,37.932
54.82601321935654,34.746
6.918149942159653,6.054
0.7003250002861023,0.656
149.24172439575196,156.709
111.2562873840332,107.88
24.86828742027283,23.467
31.335137379169463,22.766
37.46248724907637,23.054
9.049724948406219,8.935
46.126412868499756,45.139
71.52132468223571,43.638
1.930925004184246,2.165
41.916674967110154,49.391
32.90266215801239,33.645
4.830699954926968,28.904
2.8066376306116583,0.656
23.53686237335205,24.986
0.8749499894678593,0.657
3.832225036621094,6.51
2.105599957704544,2.133
0.7774500161409378,0.76
274.2804041862488,283.838
58.0265255689621,24.899
17.732599925994872,10.834
12.830062329769135,12.1
24.59679980278015,38.144
75.40513825416565,76.876
28.001087522506715,27.365
42.97543773651123,48.294
163.69413735866547,260.054
7.595474874973297,7.734
4.549962475150823,5.299
0.8248750030994415,0.721
502.45140113830564,361.163
205.52441420555115,166.882
0.9242374911904335,0.812
0.9203249976038933,0.794
37.13942534923554,28.533
25.474574780464174,23.411
3.7946499660611153,1.963
0.7371999979019165,0.681
98.30746259689332,97.388
0.6709875062108039,0.654
26.558899760246277,22.841
43.82487516403198,46.684
15.510912122577428,5.403
0.8351749956607819,0.77
55.92248821258545,56.449
29.565824940800667,37.932
33.39162483215332,30.647
27.5762748003006,26.504
25.190799522399903,24.042
12.822499978542329,13.44
100.04968767166137,98.313
224.39618892669677,160.438
23.54222490787506,22.307
44.64232511520386,30.802
237.2022747039795,248.925
41.61486210823059,40.334
486.19982328414915,108.012
4.532999947667122,4.698
76.94210186004639,10.787
261.35642490386965,248.925
4.093074986338616,13.098
1.0901625148952008,1.093
81.10696334838867,70.765
545.1596286773681,381.047
102.50548830032349,98.313
38.255825185775755,64.887
1.5933250062167645,1.591
19.255474865436554,10.228
59.94460027217865,29.321
24.250237250328063,24.042
36.3927118062973,37.101
1.0106000147759915,0.972
2.1177625179290773,0.922
0.9977750092744827,0.975
1.823299989104271,1.953
42.247774958610535,18.387
150.5840629339218,127.619
38.62692461013794,48.839
0.948812511563301,1.093
35.789999747276305,37.622
1.0039749942719935,0.669
35.283787393569945,35.508
29.830549550056457,31.759
5.125450052320957,3.536
14.29153743982315,5.862
164.32073736190796,166.766
43.252612829208374,78.127
67.1681869983673,62.954
160.28292498588561,154.251
23.520775151252746,23.467
57.545100045204165,30.177
10.842049986124039,8.256
36.95424974858761,32.497
3.589112463593483,3.619
27.65769979953766,26.452
101.62458720207215,81.696
367.3353038787842,138.83
0.9299375072121621,0.922
23.354124891757966,15.221
29.88433756828308,24.618
1.4310874819755555,0.812
1.6392125084996223,1.47
235.7426766395569,323.094
150.24311170578002,139.982
1.379412515461445,1.344
114.42740063667297,70.027
110.10373816490173,74.542
24.114962458610535,18.552
99.00281238555908,106.898
45.53591256141662,51.079
4.926912555098534,4.451
59.97658812999725,25.222
1.0154500119388103,0.922
1.9591375209391118,2.314
7.041887500882149,6.986
29.36055006980896,28.109
5.906500014662742,5.832
64.37920005321503,37.137
109.04114961624146,110.861
1.2782500043511391,1.305
20.738912446796895,34.373
37.181037068367004,38.785
1.865924985706806,2.075
4.765612536668778,4.601
0.957662508636713,1.093
0.8936750002205371,0.875
199.72728424072267,57.705
212.7647515296936,201.957
232.5957639694214,245.731
14.03881232738495,11.669
173.36419954299927,190.721
24.601387166976927,24.839
0.9877999901771546,0.794
47.876149845123294,40.945
45.47451303005219,44.132
21.28531241416931,20.822
3.089799962937832,12.428
75.91752543449402,47.219
179.17791242599486,141.14
1.2755624979734421,1.385
1.1028000093996524,1.23
4.251549890637397,4.137
0.9284499987959862,0.661
272.69672479629514,220.99
1.0004249960184097,0.875
73.77088761329651,47.754
53.769587469100955,40.789
37.27027435302735,38.356
1.8934374794363975,2.192
380.23430290222166,391.202
0.7476374998688697,0.733
0.8789499923586845,0.85
27.685787296295167,29.75
104.2653127670288,98.313
3.1578999653458597,0.707
23.83189990520477,23.755
2.6881876230239867,0.687
2.50121248960495,2.707
0.9332750022411347,0.985
1.7258374832570553,1.385
95.94753785133362,60.943
30.84593720436096,31.997
1.611150000989437,1.653
9.524599808454514,9.933
383.53838710784913,180.524
11.442749845981599,11.618
4.903787451982498,3.375
64.25927472114563,60.284
1.0348000146448613,1.032
24.156899905204774,22.437
248.2087191581726,153.231
0.6780375011265278,0.654
0.9682749964296817,0.672
34.799000072479245,34.191
0.8943874940276146,0.898
27.6965124130249,27.832
2.6565249875187873,1.125
158.2968490600586,142.303
1.6328750118613242,1.676
30.504262495040894,29.877
25.02984986305237,23.054
12.134612435102463,14.855
283.8417278289795,770.466
7.098787486553192,5.195
111.93068580627441,65.715
1.568162501603365,1.002
1.7632874801754952,1.697
0.7184374980628491,0.715
5.702125012874603,4.227
26.685637402534486,24.899
23.324025011062623,23.249
40.54717506170273,22.368
1.3767124988138675,37.038
148.5299867630005,154.251
1.2627250045537948,0.654
18.077787366509437,12.532
2.406912489980459,0.812
0.7760749958455563,0.799
143.4917259693146,89.313
38.12533679008484,37.308
27.562112712860106,28.845
258.83251495361327,260.285
1.438637477904558,0.663
22.393437576293945,22.383
26.661937475204468,23.862
33.84326207637787,34.935
3.231024961173534,2.993
274.76498861312865,218.0
38.132212448120114,42.188
262.11019344329833,110.861
0.8117124907672405,0.812
0.8078500129282474,0.875
1.3809875011444093,1.278
112.75858743190766,384.93
8.284374976158142,7.48
0.8052874997258186,0.979
3.0990750044584274,2.996
141.33559999465942,136.542
4.458524908870459,4.698
0.9885124914348126,0.775
29.21281228065491,28.769
29.274387335777284,22.518
2.840012490749359,2.707
30.66198766231537,30.495
39.64387469291687,31.435
3.7641749754548073,3.536
4.048537506908178,2.252
21.501175260543825,22.731
15.050400042533875,15.59
305.8567268371582,292.519
15.907362496852874,14.139
24.888200092315675,22.399
28.682749795913697,28.109
250.02518730163575,242.559
149.91967496871948,145.828
125.28828849792481,91.068
36.853861951828,35.508
206.02101306915284,126.529
29.951462268829346,23.708
35.140886950492856,31.116
198.33748817443848,199.114
223.19115028381347,236.283
87.84820022583008,168.049
32.333400058746335,33.085
716.1337856292724,324.03
59.70365052223205,40.789
1.4974499881267547,1.855
34.51851253807545,27.486
4.024537459015846,4.601
1.5657750017941,1.305
209.09548954963685,142.655
164.91195087432862,161.692
118.43537559509278,347.581
40.32676250934601,23.073
11.05141248703003,8.353
81.45052509307861,83.351
13.527012264728546,13.787
89.50635056495666,526.504
0.6967874966561795,0.76
0.8221749946475029,1.125
138.17144870758057,125.445
4.738949941843748,5.094
11.659812462329864,8.66
82.57197494506836,71.509
0.722125007212162,0.656
30.456087017059325,30.043
34.14058735370636,36.494
1.6707250036299228,1.827
12.948837441205978,31.304
0.7359500005841255,0.722
106.60966179519892,36.883
38.23722460269928,34.752
0.8440000042319298,0.731
179.61649990081787,433.239
2.406399992108345,2.707
240.10917754173278,240.981
26.116224908828734,23.355
1.18162499666214,0.898
326.527659034729,156.709
1.0481624975800514,0.853
449.0022397041321,367.068
98.47597589492798,173.236
22.60072503089905,22.575
7.480887478590011,7.231
12.279049974679946,12.1
20.472962641716002,20.822
19.891537296772004,11.457
640.0369337081909,788.043
85.97356233596801,273.608
0.820137495547533,0.7
143.98302516937255,106.898
87.8957133769989,80.88
1.9426749803125858,2.572
91.40517530441284,155.477
98.05416221618653,95.554
428.91351585388185,276.995
7.336837540566921,4.654
0.8816999889910221,1.125
83.73881254196166,38.571
34.18832523822785,33.451
1.8434749849140644,0.948
0.7087999984622002,0.696
457.66471576690674,359.205
344.60265293121336,296.031
1.4731750026345254,0.975
110.12384977340699,76.876
33.46659984588623,48.294
28.252312231063843,23.249
44.40472582578659,19.545
265.4950665473938,395.304
1.1699749834835529,1.267
29.646874856948852,41.25
44.708312487602235,80.88
47.62093861103058,34.191
31.059662276506423,29.042
42.70772502422333,39.294
3.09969998896122,2.133
310.6290018081665,310.306
265.8013032913208,294.272
2.007474994659424,1.032
43.97796268463135,22.991
1.353350006043911,0.654
36.94378795623779,28.787
1.4128374807536601,1.159
90.62083802223205,123.293
25.99778711795807,28.109
2.3611750185489653,2.133
45.86706264019013,72.859
298.2416524887085,156.709
46.24295063018799,35.704
0.9340250037610531,0.731
392.0399011611938,283.526
92.22439963817597,113.114
55.95198731422424,52.818
5.284724852442741,5.299
1.2943874932825565,0.898
5.436524832248688,5.724
87.78771209716797,156.709
52.37679992318154,23.009
0.883624991029501,0.948
45.57232506275177,31.595
112.15874896049499,133.483
1.304700007289648,1.385
82.97168707847595,76.834
37.461212682723996,38.802
138.71023750305176,138.83
24.79921225309372,23.758
314.5797287940979,313.931
31.309612369537355,27.738
1.1846625082194806,0.863
1.0058499999344348,1.032
9.537449777126312,9.641
0.7310750000178814,1.232
29.79839971065521,23.633
31.220199728012084,22.498
712.7307630538941,299.565
190.6624508857727,142.303
74.7958247423172,39.294
1.8100749954581261,1.014
33.87947444915771,35.317
23.108674931526185,37.514
166.209299659729,164.218
69.6174753665924,58.341
30.87414972782135,28.749
179.49030055999756,269.948
1.5113375045359134,1.159
1.4964750111103058,1.514
34.48438806533814,27.832
191.61458835601806,124.366
146.66094789505004,137.683
29.158274793624877,23.646
24.387837362289428,24.488
2.396249971538782,2.406
29.19583742618561,22.766
92.27958743572235,58.461
349.93269925117494,326.133
199.50846271514894,271.922
18.833312118053435,10.372
6.408800032734871,6.746
26.566712164878844,26.03
34.20119986534119,23.198
12.013187634944916,12.1
345.93965101242065,577.965
35.23372473716736,22.841
145.64746284484863,203.388
22.398300063610076,19.545
110.9071367740631,116.975
116.4553876876831,93.742
25.242425036430358,24.814
1.19286250770092,0.975
28.13368785381317,27.832
246.09751529693602,280.405
23.45036244392395,23.101
5.613649863004684,5.724
354.6876895904541,193.952
27.658412340283395,27.486
1.1574250020086765,1.23
99.77538843154908,103.026
37.99612481594086,40.789
3.0214749716222284,1.125
18.724474692344664,19.545
22.321574878692626,22.305
233.86800308227538,227.039
163.38353753089905,126.529
4.110412438213825,33.071
33.02333748340607,27.855
101.57963755130768,207.712
1.8480874963104725,1.427
1.0417375065386296,0.687
0.7089750066399574,0.696
30.461549842357634,19.439
214.37683773040771,297.795
4.479149995744228,1.514
34.176799821853635,29.897
217.74840030670165,85.026
88.95002536773681,51.251
26.112162399291993,28.633
6.2679874956607815,6.866
29.477625162899493,33.193
1.0501500055193902,1.115
29.329599857330322,22.603
45.37607514858246,28.904
200.7812883377075,193.496
37.27488760948181,129.034
36.139949917793274,31.923
22.47801229953766,22.399
99.22399990558624,184.121
32.003962421417235,34.006
0.7212624967098236,0.709
26.10363745689392,23.101
146.30401363372803,148.206
1.4439625084400176,1.59
0.7098874978721141,0.707
1.9616999916732312,1.427
44.850450253486635,133.22
381.30881214141846,240.981
217.9660271167755,186.601
2.2213124603033068,1.988
19.910674858093262,14.139
1.5025500006973744,1.343
13.597449791431426,11.776
1.8641250133514404,1.855
0.7873125001788139,0.75
46.90576263666153,36.898
96.86630115509033,97.388
0.926137487590313,0.938
243.35953884124757,228.566
2.505749982595444,1.802
8.427299898862838,13.098
27.59847502708435,27.332
152.6675121307373,148.206
27.326612281799317,22.369
2.746062509715557,0.654
4.394199921190738,4.506
59.97977557182312,57.705
175.14611253738403,150.607
27.84333746433258,23.411
274.0094844818115,319.412
40.39968701004982,39.441
172.17365064620972,71.509
24.03665018081665,22.498
22.641749930381774,22.664
19.976887249946593,19.129
131.11838750839235,115.942
0.6922624945640564,0.672
32.095824885368344,30.495
50.18483743667603,49.391
3.5732499547302723,4.319
3.6220624536275863,4.601
132.7996994972229,91.954
1.8684124931693078,2.575
3.5454749703407287,3.619
19.690800023078918,18.717
0.8489374943077564,0.948
383.27098751068115,369.048
0.7241250008344651,0.655
7.027812492847443,3.455
6.4185874462127686,3.619
25.544850015640257,25.63
1.7038375034928321,1.427
0.8266250059008599,0.78
23.61924946308136,23.467
25.0360123232007,29.877
186.80210037231444,200.533
143.96786222457885,148.206
82.24857556819916,45.949
150.17963705062866,142.303
4.022450050711631,4.061
89.38406233787536,35.317
5.008637492358685,2.919
366.9929515838623,371.034
648.8989267349243,1083.119
10.219200098514557,10.081
0.7508375063538552,0.707
251.1060489654541,237.843
78.57796287536621,67.13
32.14001247882843,22.692
0.8513250052928925,0.731
0.7261124983429909,1.002
173.37078762054443,129.816
7.878937631845474,8.66
34.98554961681366,33.636
196.12519969940186,183.883
4.135524974763394,4.894
1.8448499776422977,2.41
538.3551255226135,247.325
2.4049500077962875,2.018
405.69097900390625,437.568
26.871962356567384,24.567
3.7879499681293964,3.96
3.5387749806046487,5.094
43.27766251862049,23.101
23.004349946975708,22.498
1.651262493431568,1.622
3.087200003862381,3.142
32.461024737358095,23.009
24.978299772739412,24.946
59.510574674606325,39.885
4.886587539315224,4.411
148.3829752922058,121.164
448.5497141838074,150.607
28.710112524032592,27.197
1.5958000034093858,1.385
22.758162355422975,22.664
0.8423999913036824,0.766
107.27517552375794,77.666
6.2392874881625175,6.167
33.31901249885559,35.981
380.80921401977537,258.645
37.57043747901916,26.134
29.304649925231935,28.845
254.8723997116089,252.143
82.56524922847748,72.035
138.79815015792846,159.189
34.79398779869079,32.767
25.51653742790222,22.809
321.9214889526367,223.212
26.454974913597106,26.672
171.6498616218567,133.153
29.80921219587326,24.903
5.050137513875962,25.379
22.689012503623964,22.697
0.7845499977469444,0.732
499.12187576293945,248.925
126.97072539329528,108.868
1.5508999779820443,1.155
47.78944809064269,1.928
2.8321499712765217,1.427
35.618749666213986,24.042
173.46337442398072,255.383
5.872524893283844,5.943
244.6284640312195,177.186
2.825987531244755,0.916
148.8201382637024,145.828
97.89562520980834,109.861
10.740375208854676,10.682
14.205462390184403,6.212
233.17796449661256,93.742
27.83987476825714,26.897
131.77308897972108,125.445
172.17117586135865,157.946
6.8312750712037085,7.231
9.687437343597413,9.355
0.8276875093579292,0.656
0.8141499981284142,0.975
1.6512374781072139,1.963
2.0001374661922453,0.794
26.58427517414093,26.346
1.8545625030994415,1.963
33.6037122964859,38.21
3.2591499894857408,3.406
1.3794874958693981,1.305
22.492549848556518,22.434
26.32376228272915,22.588
0.8633750036358834,0.794
121.83432502746582,123.293
114.78117475509643,101.124
97.62335014343262,100.181
9.804612636566162,25.073
1.1256500162184238,1.032
62.95696229934693,97.174
50.326675748825075,32.236
0.8730749897658825,0.843
25.092337346076967,22.707
147.10317482948304,127.619
64.68539996147156,46.691
21.828650093078615,10.834
377.3032869338989,434.459
79.8926754951477,80.068
2.3071999937295913,2.441
37.92339978218079,33.289
37.49392416477203,38.144
51.05237503051758,44.377
81.11842474937438,81.287
14.068424820899963,14.139
82.47064933776855,80.88
0.6800374954938888,0.813
31.554974818229674,28.719
89.5885379076004,42.188
1.9755374900996685,1.941
187.86425065994263,407.745
211.28489894866942,120.108
35.92819998264313,31.435
41.23753736019135,39.885
63.65055022239685,46.168
8.070462489128113,8.524
0.7696250021457672,0.679
1.8104749992489815,7.48
137.9761867046356,531.298
9.542712539434433,9.788
8.045137617737055,1.605
0.9767500065267086,0.922
29.632500076293944,22.803
31.886487364768982,32.539
23.269424891471864,22.305
223.0337511062622,215.032
193.5855628967285,230.098
55.02583730220795,34.935
1.0340250074863433,1.054
25.041187524795532,22.603
3.7089499920606612,4.506
2.923775137215853,0.687
175.45378723144532,268.569
59.823550176620486,43.638
3.818149966001511,0.67
174.09681224822998,110.861
181.31837611198426,153.031
86.8664379119873,121.164
33.04713733196259,28.239
1.7913000017404557,1.267
1.7990999892354012,2.018
3.5679749727249144,3.619
12.920512354373932,13.161
50.30366230010986,51.653
22.853537487983704,19.545
17.61046233177185,17.907
1.056825014948845,1.305
2.2520124867558478,0.696
20.963799929618837,21.257
6.312300008535385,7.356
26.945312440395355,37.038
108.02762577533721,42.919
56.68890070915222,57.705
49.863637399673465,43.149
79.49447460174561,35.704
8.66833752989769,3.218
28.093974924087526,29.328
24.574512195587157,22.32
25.3516747713089,22.498
14.625212551653386,6.746
7.507262474298477,7.231
0.8237750038504601,0.898
0.7088999964296818,0.661
3.017849949002266,3.297
49.43464994430542,33.49
3.538237488269806,3.96
1.944599998742342,1.427
29.075149965286254,28.904
3.7936999917030336,3.96
19.977237363159656,41.383
3.435737469792366,1.23
28.61666259765625,23.963
295.99413681030273,265.238
15.07636239528656,14.139
52.28723963871598,14.778
29.467325061559677,31.46
22.48779969215393,22.498
23.374599838256835,23.249
15.100287437438965,14.139
129.4038754224777,77.666
6.58596251308918,6.894
131.4774495601654,181.187
29.63297483921051,25.827
23.94844980239868,22.369
61.37874965667724,60.943
180.5647126197815,153.731
1.0231875129044057,1.093
86.46541233062744,84.185
1.354574989527464,1.559
0.6712874971330166,0.679
29.77384979724884,28.845
